State,Facility Name,Facility ID (ORISPL),County,FIPS Code,Source Category,Max Hourly HI Rate (MMBtu/hr),SO2 (tons),NOx (tons),CO2 (tons),Gross Load (MW-h),Plant state abbreviation,Plant name,DOE/EIA ORIS plant or facility code,Balancing Authority Code,Plant primary fuel,Plant primary coal/oil/gas/ other fossil fuel category,Plant capacity factor,Plant nameplate capacity (MW),Heat rate (MMBtu/MWh),SO2 emissions rate (tons/MWh),NOx emissions rate (tons/MWh),CO2 emissions rate (tons/MWh),Average NOx emissions rate by fuel,Average SO2 emissions rate by fuel,Average CO2 emissions rate by fuel
VA,Doswell Limited Partnership,52019,Hanover County,85.0,Electric Utility,2141.9,1.13,44.989,146330.93267826,229139.17,VA,Doswell Limited Partnership,52019,PJM,NG,GAS,0.39271,1313,1.6313023610053314,4.931500799274082e-06,0.00019633919421109885,0.6386116030631515,0.00032709974455185075,5.7030135170145924e-05,0.5550879978926091
NJ,Burlington Generating Station,2399,Burlington County,5.0,Electric Utility,1852.0,0.191,28.459,33990.634376250004,65206.75000000001,NJ,Burlington Generating Station,2399,PJM,NG,GAS,0.00915,819,2.2612942612942613,2.9291446054281188e-06,0.00043644254620878967,0.521274781771059,0.00032709974455185075,5.7030135170145924e-05,0.5550879978926091
KY,Big Sandy,1353,Lawrence County,127.0,Electric Utility,2512.0,137.689,438.526,287793.615811395,545367.13,KY,Big Sandy,1353,PJM,NG,GAS,0.05518,1096.8,2.290299051787017,0.0002524702946435367,0.0008040931986495043,0.5277062000626899,0.00032709974455185075,5.7030135170145924e-05,0.5550879978926091
PA,Portland,3113,Northampton County,95.0,Electric Utility,1950.0,0.359,4.797,2571.31246341,3008.55,PA,Portland,3113,PJM,NG,GAS,0.00029,621,3.140096618357488,0.0001193265858968606,0.001594455800967243,0.8546683496734306,0.00032709974455185075,5.7030135170145924e-05,0.5550879978926091
PA,York Energy Center,55524,York County,133.0,Electric Utility,4950.0,6.533,40.933,674841.2338927201,1033386.34,PA,York Energy Center,55524,PJM,NG,GAS,0.11292,1569.4,3.1540716197272842,6.321933769707078e-06,3.961054875178629e-05,0.6530386630548263,0.00032709974455185075,5.7030135170145924e-05,0.5550879978926091
OH,Bay Shore,2878,Lucas County,95.0,Electric Utility,2175.0,2100.34,363.845,1227240.82417299,0.0,OH,Bay Shore,2878,PJM,PC,OIL,0.16524,665.3,3.269201863820833,0.0016910602527948927,0.0009789884897527107,0.8388580111601802,0.0009789884897527107,0.0016910602527948927,0.8388580111601802
NJ,Kearny Generating Station,2404,Hudson County,17.0,Electric Utility,4792.0,1.7530000000000001,88.43499999999997,301518.57280503,569243.8999999999,NJ,Kearny Generating Station,2404,PJM,NG,GAS,0.04464,1425.9,3.3606844799775577,3.0795235574768572e-06,0.00015535520011720808,0.5296825715743815,0.00032709974455185075,5.7030135170145924e-05,0.5550879978926091
NJ,B L England,2378,Cape May County,9.0,Electric Utility,3370.0,122.594,202.10999999999999,94448.996219895,99344.78,NJ,B L England,2378,PJM,BIT,COAL,0.01275,804.6,4.188416604523987,0.0012340255824211397,0.002034429992194859,0.9507192649668659,0.000883522736838472,0.001832558334326451,0.9446109432776311
MD,Riverside,1559,Baltimore County,5.0,Electric Utility,1080.0,0.0,0.0,0.0,0.0,MD,Riverside,1559,PJM,NG,GAS,0.00064,257.2,4.199066874027994,5.7030135170145924e-05,0.00032709974455185075,0.5550879978926091,0.00032709974455185075,5.7030135170145924e-05,0.5550879978926091
NJ,Howard M Down,2434,Cumberland County,11.0,Electric Utility,610.0,0.42200000000000004,8.853,75891.64526107501,147672.09,NJ,Howard M Down,2434,PJM,NG,GAS,0.11715,138.7,4.397981254506129,2.857682856658967e-06,5.995039414692377e-05,0.5139200322896156,0.00032709974455185075,5.7030135170145924e-05,0.5550879978926091
NJ,Cumberland Energy Center,5083,Cumberland County,11.0,Electric Utility,1150.0,0.19399999999999998,3.2310000000000003,34993.092852135,78095.33,NJ,Cumberland Energy Center,5083,PJM,NG,GAS,0.05726,231.2,4.974048442906574,2.4841434180507333e-06,4.1372512287226396e-05,0.448081759205512,0.00032709974455185075,5.7030135170145924e-05,0.5550879978926091
PA,Cromby,3159,Chester County,29.0,Electric Utility,2114.2,,,,,PA,Cromby,3159,PJM,BIT,COAL,,420.2,5.031413612565445,0.001832558334326451,0.000883522736838472,0.9446109432776311,0.000883522736838472,0.001832558334326451,0.9446109432776311
NJ,Sewaren Generating Station,2411,Middlesex County,23.0,Electric Utility,6575.0,0.323,223.608,57447.723271545,88483.54999999999,NJ,Sewaren Generating Station,2411,PJM,NG,GAS,0.00633,1284.4,5.11912176891934,3.6503960340650894e-06,0.0025271137968582865,0.6492474959644478,0.00032709974455185075,5.7030135170145924e-05,0.5550879978926091
OH,Hamilton Municipal Power Plant,2917,Butler County,17.0,Electric Utility,729.0,0.0,0.0,0.0,0.0,OH,Hamilton Municipal Power Plant,2917,PJM,NG,GAS,0,138.1,5.278783490224475,5.7030135170145924e-05,0.00032709974455185075,0.5550879978926091,0.00032709974455185075,5.7030135170145924e-05,0.5550879978926091
NJ,Hudson Generating Station,2403,Hudson County,17.0,Electric Utility,6600.0,18.459,175.268,217569.73402935002,360962.56,NJ,Hudson Generating Station,2403,PJM,BIT,COAL,0.02672,1229.6,5.367599219258296,5.113826763639974e-05,0.00048555728328167884,0.6027487560741758,0.000883522736838472,0.001832558334326451,0.9446109432776311
VA,Clinch River,3775,Russell County,167.0,Electric Utility,3840.0,90.423,213.337,189150.36767805,320711.24,VA,Clinch River,3775,PJM,NG,GAS,0.04759,712.5,5.389473684210526,0.0002819452165131475,0.0006651996356597916,0.5897840302636416,0.00032709974455185075,5.7030135170145924e-05,0.5550879978926091
MD,Perryman,1556,Harford County,25.0,Electric Utility,3166.0,3.1310000000000002,103.398,331456.91429818503,562782.36,MD,Perryman,1556,PJM,NG,GAS,0.1157,545.4,5.804913824715805,5.563429528956807e-06,0.00018372644089271028,0.5889610937666651,0.00032709974455185075,5.7030135170145924e-05,0.5550879978926091
PA,PEI Power Corporation,50279,Lackawanna County,69.0,Electric Utility,540.0,0.016,2.064,2912.618140035,5644.01,PA,PEI Power Corporation,50279,PJM,LFG,BIOMASS,0.22165,92.9,5.81270182992465,2.8348638645218557e-06,0.0003656974385233194,0.516054744771005,0.0003656974385233194,2.8348638645218557e-06,0.516054744771005
DE,Hay Road,7153,New Castle County,3.0,Electric Utility,7004.0,6.248,279.774,1119633.476030835,1738414.22,DE,Hay Road,7153,PJM,NG,GAS,0.36895,1193,5.870913663034367,3.5940801266570406e-06,0.0001609363273616112,0.6440544854901353,0.00032709974455185075,5.7030135170145924e-05,0.5550879978926091
PA,Ontelaunee Energy Center,55193,Berks County,11.0,Electric Utility,4320.0,8.757,101.77000000000001,1573694.32208049,4419619.49,PA,Ontelaunee Energy Center,55193,PJM,NG,GAS,0.65485,728,5.934065934065934,1.9813922940230312e-06,2.3026869220363587e-05,0.356070092830659,0.00032709974455185075,5.7030135170145924e-05,0.5550879978926091
IL,Zion Energy Center,55392,Lake County,97.0,Electric Utility,6150.0,1.4689999999999999,76.83099999999999,261214.47695415004,440223.98,IL,Zion Energy Center,55392,PJM,NG,GAS,0.04999,994.5,6.184012066365008,3.3369377106626495e-06,0.00017452706688081824,0.5933672149212545,0.00032709974455185075,5.7030135170145924e-05,0.5550879978926091
PA,Hazleton Generation,10870,Luzerne County,79.0,Cogeneration,1065.0,0.041,0.651,513.09113541,603.4599999999999,PA,Hazleton Generation,10870,PJM,NG,GAS,0.00084,171.5,6.209912536443149,6.794153713584994e-05,0.001078779040864349,0.8502487909886323,0.00032709974455185075,5.7030135170145924e-05,0.5550879978926091
DE,Garrison Energy Center,57349,Kent County,1.0,Electric Utility,2272.0,3.3360000000000003,40.232,592848.854782035,1599120.82,DE,Garrison Energy Center,57349,PJM,NG,GAS,0.49492,361,6.293628808864266,2.086146311321242e-06,2.5158824459555218e-05,0.37073424807391037,0.00032709974455185075,5.7030135170145924e-05,0.5550879978926091
DE,Indian River,594,Sussex County,5.0,Electric Utility,5091.0,462.116,204.668,478435.274066655,560999.35,DE,Indian River,594,PJM,BIT,COAL,0.06775,804.1,6.331302076856113,0.0008237371398023901,0.0003648275171798328,0.852826788599051,0.000883522736838472,0.001832558334326451,0.9446109432776311
NJ,North Jersey Energy Associates,10308,Middlesex County,23.0,Cogeneration,2800.0,2.354,291.233,422882.08056889503,964588.74,NJ,North Jersey Energy Associates,10308,PJM,NG,GAS,0.24974,430.2,6.508600650860065,2.440418286450244e-06,0.0003019245279599677,0.43840661105881773,0.00032709974455185075,5.7030135170145924e-05,0.5550879978926091
OH,Dresden Energy Facility,55350,Muskingum County,119.0,Electric Utility,4500.0,7.784,146.627,1398915.97651947,4046973.08,OH,Dresden Energy Facility,55350,PJM,NG,GAS,0.66586,678.3,6.6342326404245915,1.923412843655486e-06,3.623127633950063e-05,0.3456697014943994,0.00032709974455185075,5.7030135170145924e-05,0.5550879978926091
PA,Brunot Island Power Station,3096,Allegheny County,3.0,Electric Utility,2786.0,0.177,9.454,31653.147939405,44642.409999999996,PA,Brunot Island Power Station,3096,PJM,NG,GAS,0.01432,416.4,6.690682036503363,3.964839711834554e-06,0.00021177172110555862,0.7090376155634296,0.00032709974455185075,5.7030135170145924e-05,0.5550879978926091
NJ,Ocean Peaking Power,55938,Ocean County,29.0,Electric Utility,3918.0,1.084,58.388999999999996,194780.87851224,356477.45999999996,NJ,Ocean Peaking Power,55938,PJM,NG,GAS,0.07058,574.5,6.819843342036553,3.040865472953045e-06,0.00016379436725115804,0.5464044725639596,0.00032709974455185075,5.7030135170145924e-05,0.5550879978926091
NJ,Newark Energy Center,58079,Essex County,13.0,Electric Utility,5062.0,8.82,89.1,1584978.29190063,4447790.24,NJ,Newark Energy Center,58079,PJM,NG,GAS,0.67257,735,6.887074829931973,1.9830071842596606e-06,2.0032419514459833e-05,0.3563518525776139,0.00032709974455185075,5.7030135170145924e-05,0.5550879978926091
IL,Cordova Energy Company,55188,Rock Island County,161.0,Electric Utility,4304.4,0.10900000000000001,2.052,19684.149117989997,47266.66,IL,Cordova Energy Company,55188,PJM,NG,GAS,0.00857,611.2,7.042539267015706,2.3060652053688584e-06,4.341326423318254e-05,0.41644891172742043,0.00032709974455185075,5.7030135170145924e-05,0.5550879978926091
NJ,Woodbridge Energy Center,57839,Middlesex County,23.0,Electric Utility,5614.0,8.942,83.952,1606985.02875621,4816707.1899999995,NJ,Woodbridge Energy Center,57839,PJM,NG,GAS,0.68232,795,7.061635220125786,1.8564549696034152e-06,1.7429334333275097e-05,0.33362730292023635,0.00032709974455185075,5.7030135170145924e-05,0.5550879978926091
VA,Warren County Power Station,55939,Warren County,187.0,Electric Utility,10488.0,17.617,167.093,3165811.22734494,8684840.780000001,VA,Warren County Power Station,55939,PJM,NG,GAS,0.66118,1472.2,7.124032060861296,2.0284770263802115e-06,1.923961581250773e-05,0.3645215044857667,0.00032709974455185075,5.7030135170145924e-05,0.5550879978926091
PA,Eddystone Generating Station,3161,Delaware County,45.0,Electric Utility,11208.400000000001,7.424,71.971,132525.49113861,196280.01,PA,Eddystone Generating Station,3161,PJM,DFO,OIL,0.01032,1568.8,7.1445690973992875,3.782351549706972e-05,0.0003666751392564123,0.6751858792885225,0.0009789884897527107,0.0016910602527948927,0.8388580111601802
NJ,West Deptford Energy Station,56963,Gloucester County,15.0,Electric Utility,5400.0,10.021999999999998,101.814,1796578.7150641351,4869058.88,NJ,West Deptford Energy Station,56963,PJM,NG,GAS,0.72419,754.6,7.156109196925523,2.058303308092261e-06,2.0910406406915335e-05,0.3689786382423322,0.00032709974455185075,5.7030135170145924e-05,0.5550879978926091
NJ,Linden Generating Station,2406,Union County,39.0,Electric Utility,15300.0,13.976,138.785,2502172.65228081,6535679.580000001,NJ,Linden Generating Station,2406,PJM,NG,GAS,0.34519,2121.3,7.2125583368689,2.1384157269227694e-06,2.1234976149182634e-05,0.38284812185985556,0.00032709974455185075,5.7030135170145924e-05,0.5550879978926091
PA,Panda Patriot Generation Plant,58426,Lycoming County,81.0,Electric Utility,6288.0,4.942,56.888000000000005,888075.43101672,2593914.05,PA,Panda Patriot Generation Plant,58426,PJM,NG,GAS,0.3861,870,7.227586206896552,1.9052288953059183e-06,2.1931335774213495e-05,0.3423688734084,0.00032709974455185075,5.7030135170145924e-05,0.5550879978926091
PA,Panda Liberty Power Project,58420,Bradford County,15.0,Electric Utility,6288.0,4.417999999999999,51.92400000000001,793934.44496958,2212529.26,PA,Panda Liberty Power Project,58420,PJM,NG,GAS,0.34483,870,7.227586206896552,1.996809750665173e-06,2.3468164213114186e-05,0.35883568155368945,0.00032709974455185075,5.7030135170145924e-05,0.5550879978926091
PA,"Fairless Energy, LLC",55298,Bucks County,17.0,Electric Utility,9718.0,18.047,224.45,3243216.52438629,8868644.4,PA,"Fairless Energy, LLC",55298,PJM,NG,GAS,0.73194,1338,7.263079222720478,2.0349220451323993e-06,2.530826469939419e-05,0.36569473057080626,0.00032709974455185075,5.7030135170145924e-05,0.5550879978926091
IN,Lawrenceburg Energy Facility,55502,Dearborn County,29.0,Electric Utility,9000.0,16.712000000000003,356.211,3003103.06166994,7874000.44,IN,Lawrenceburg Energy Facility,55502,PJM,NG,GAS,0.70522,1232,7.305194805194805,2.122428126254969e-06,4.5238884949821006e-05,0.38139483030939986,0.00032709974455185075,5.7030135170145924e-05,0.5550879978926091
PA,Liberty Electric Power Plant,55231,Delaware County,45.0,Electric Utility,4490.0,9.165,163.997,1646863.882545525,2651954.81,PA,Liberty Electric Power Plant,55231,PJM,NG,GAS,0.76907,614,7.312703583061889,3.4559412420756893e-06,6.18400431944012e-05,0.6209999794625176,0.00032709974455185075,5.7030135170145924e-05,0.5550879978926091
OH,"Dynegy Washington II, LLC",55397,Washington County,167.0,Electric Utility,5250.0,9.812000000000001,164.77100000000002,1763221.176069465,4534376.42,OH,"Dynegy Washington II, LLC",55397,PJM,NG,GAS,0.69881,714.9,7.343684431389006,2.163913864036899e-06,3.633818296893843e-05,0.3888563746698085,0.00032709974455185075,5.7030135170145924e-05,0.5550879978926091
PA,"Lower Mount Bethel Energy, LLC",55667,Northampton County,95.0,Electric Utility,4800.0,8.797,145.933,1580813.751203115,4144790.8499999996,PA,"Lower Mount Bethel Energy, LLC",55667,PJM,NG,GAS,0.69019,651.6,7.366482504604051,2.1224231374666353e-06,3.520877295895401e-05,0.3813977130361391,0.00032709974455185075,5.7030135170145924e-05,0.5550879978926091
PA,Hunlock Creek Energy Center,3176,Luzerne County,79.0,Electric Utility,1080.0,1.762,29.237,316554.092794545,752218.06,PA,Hunlock Creek Energy Center,3176,PJM,NG,GAS,0.57294,145.9,7.402330363262508,2.342405870978423e-06,3.886771875697852e-05,0.42082756268115257,0.00032709974455185075,5.7030135170145924e-05,0.5550879978926091
OH,Conesville,2840,Coshocton County,31.0,Electric Utility,16142.0,5013.177000000001,5981.942,4749007.748938546,4999699.95,OH,Conesville,2840,PJM,BIT,COAL,0.238,2174.8,7.4222917049843655,0.0010026955717612614,0.0011964601995765765,0.9498585507993426,0.000883522736838472,0.001832558334326451,0.9446109432776311
VA,Brunswick County Power Station,58260,Brunswick County,25.0,Electric Utility,10950.0,12.561,127.19,2257312.35130944,6123504.12,VA,Brunswick County Power Station,58260,PJM,NG,GAS,0.45714,1472.2,7.437848118462165,2.051276483831287e-06,2.077078703753693e-05,0.368630821025632,0.00032709974455185075,5.7030135170145924e-05,0.5550879978926091
VA,Bellemeade Power Station,50966,Richmond city,760.0,Electric Utility,2486.0,2.776,108.82,446919.31790043,938376.76,VA,Bellemeade Power Station,50966,PJM,NG,GAS,0.324,330,7.533333333333333,2.9583000329206785e-06,0.00011596621382652315,0.47626852768650196,0.00032709974455185075,5.7030135170145924e-05,0.5550879978926091
KY,Smith Generating Facility,54,Clark County,49.0,Electric Utility,12586.0,1.004,47.862,150817.631098605,229275.39999999997,KY,Smith Generating Facility,54,PJM,NG,GAS,0.01533,1663.4,7.566430203198268,4.3790131867614234e-06,0.00020875331588125027,0.6578011906144533,0.00032709974455185075,5.7030135170145924e-05,0.5550879978926091
PA,"Allegheny Energy Units 3, 4 & 5",55710,Allegheny County,3.0,Electric Utility,4215.0,8.885,120.18299999999999,1596666.26930304,3040919.37,PA,"Allegheny Energy Units 3, 4 & 5",55710,PJM,NG,GAS,0.90381,556,7.580935251798561,2.92181374082273e-06,3.952192918551471e-05,0.5250603764949677,0.00032709974455185075,5.7030135170145924e-05,0.5550879978926091
PA,Helix Ironwood LLC,55337,Lebanon County,75.0,Electric Utility,6000.0,11.989,270.461,2154330.275003565,3665201.21,PA,Helix Ironwood LLC,55337,PJM,NG,GAS,0.7924,777.6,7.716049382716049,3.271034607128704e-06,7.379158319114492e-05,0.5877795383035915,0.00032709974455185075,5.7030135170145924e-05,0.5550879978926091
NJ,Bergen,2398,Bergen County,3.0,Electric Utility,10960.0,11.318,299.734,2032807.4528531102,3150686.14,NJ,Bergen,2398,PJM,NG,GAS,0.39168,1419.4,7.7215724954206,3.5922334047529087e-06,9.51329287277088e-05,0.6451951614746082,0.00032709974455185075,5.7030135170145924e-05,0.5550879978926091
MD,Brandywine Power Facility,54832,Prince George's County,33.0,Cogeneration,2250.0,3.292,135.797,576556.64407068,1386487.08,MD,Brandywine Power Facility,54832,PJM,NG,GAS,0.53488,288.8,7.7908587257617725,2.374345962170812e-06,9.794321343405521e-05,0.4158398966622033,0.00032709974455185075,5.7030135170145924e-05,0.5550879978926091
DE,McKee Run,599,Kent County,1.0,Electric Utility,1180.0,0.152,21.793000000000003,21898.844436345003,34680.36,DE,McKee Run,599,PJM,NG,GAS,0.02528,151.2,7.804232804232805,4.38288414537796e-06,0.0006283960143435651,0.6314480136983873,0.00032709974455185075,5.7030135170145924e-05,0.5550879978926091
OH,Waterford Plant,55503,Washington County,167.0,Electric Utility,7206.0,13.744,191.458,2469971.38044285,6696922.1899999995,OH,Waterford Plant,55503,PJM,NG,GAS,0.8105,921.6,7.819010416666666,2.0522860517213207e-06,2.858895393556902e-05,0.3688218722521622,0.00032709974455185075,5.7030135170145924e-05,0.5550879978926091
OH,Fremont Energy Center,55701,Sandusky County,143.0,Electric Utility,5820.0,5.691,102.041,1022721.5623472551,2827758.54,OH,Fremont Energy Center,55701,PJM,NG,GAS,0.26526,739.5,7.870182555780933,2.012548072792665e-06,3.6085471427839804e-05,0.3616721682139293,0.00032709974455185075,5.7030135170145924e-05,0.5550879978926091
VA,Commonwealth Chesapeake,55381,Accomack County,1.0,Electric Utility,3178.0,18.915,116.33900000000001,79164.659878875,107308.75,VA,Commonwealth Chesapeake,55381,PJM,DFO,OIL,0.0285,402.5,7.895652173913043,0.00017626707980476894,0.0010841520379279417,0.7377279101552763,0.0009789884897527107,0.0016910602527948927,0.8388580111601802
PA,Seward,3130,Indiana County,63.0,Electric Utility,6360.0,7302.926,1745.74,2840037.2655242397,0.0,PA,Seward,3130,PJM,WC,COAL,0.39757,803.2,7.918326693227091,0.001832558334326451,0.000883522736838472,0.9446109432776311,0.000883522736838472,0.001832558334326451,0.9446109432776311
IL,Kendall Energy Facility,55131,Kendall County,93.0,Electric Utility,10000.0,16.308999999999997,274.83000000000004,2930744.9273850447,7344575.06,IL,Kendall Energy Facility,55131,PJM,NG,GAS,0.65397,1256,7.961783439490445,2.2205505242668184e-06,3.741945555118339e-05,0.39903532926587654,0.00032709974455185075,5.7030135170145924e-05,0.5550879978926091
NJ,"Red Oak Power, LLC",55239,Middlesex County,23.0,Electric Utility,6540.0,12.908,218.01600000000002,2319600.4526813556,3976826.94,NJ,"Red Oak Power, LLC",55239,PJM,NG,GAS,0.82794,821.1,7.964925100474972,3.245803801560447e-06,5.482159603354528e-05,0.5832792041690795,0.00032709974455185075,5.7030135170145924e-05,0.5550879978926091
IL,Nelson Energy Center,55183,Lee County,103.0,Electric Utility,5032.0,2.3289999999999997,78.187,418619.85419057996,720432.61,IL,Nelson Energy Center,55183,PJM,NG,GAS,0.19172,627.5,8.019123505976095,3.2327798154500527e-06,0.0001085278469002118,0.5810673314615505,0.00032709974455185075,5.7030135170145924e-05,0.5550879978926091
VA,Tenaska Virginia Generating Station,55439,Fluvanna County,65.0,Electric Utility,7650.0,11.253,124.554,2019444.1179441751,5195696.15,VA,Tenaska Virginia Generating Station,55439,PJM,NG,GAS,0.62829,946.1,8.085826022619173,2.1658310407547597e-06,2.39725334977489e-05,0.38867633126393947,0.00032709974455185075,5.7030135170145924e-05,0.5550879978926091
PA,"Marcus Hook Energy, LP",55801,Delaware County,45.0,Cogeneration,6846.0,13.797,240.036,1966833.248359275,5166866.96,PA,"Marcus Hook Energy, LP",55801,PJM,NG,GAS,0.68681,836.1,8.188015787585217,2.670283579355022e-06,4.6456779680659706e-05,0.38066264596820104,0.00032709974455185075,5.7030135170145924e-05,0.5550879978926091
PA,Hunterstown Combined Cycle,55976,Adams County,1.0,Electric Utility,7365.0,9.841000000000001,72.033,1768428.145813965,3076738.2,PA,Hunterstown Combined Cycle,55976,PJM,NG,GAS,0.58189,898,8.201559020044543,3.198517182904935e-06,2.341213171793427e-05,0.5747736826662616,0.00032709974455185075,5.7030135170145924e-05,0.5550879978926091
VA,Possum Point Power Station,3804,Prince William County,153.0,Electric Utility,17102.0,315.44399999999996,297.80600000000004,1449925.2309449401,3660951.3899999997,VA,Possum Point Power Station,3804,PJM,NG,GAS,0.19432,2081.9,8.214611652817139,8.616448742303567e-05,8.134661411060147e-05,0.39605148402282947,0.00032709974455185075,5.7030135170145924e-05,0.5550879978926091
NJ,Clayville,58235,Cumberland County,11.0,Electric Utility,600.0,0.37799999999999995,7.562,67942.576405065,134557.67,NJ,Clayville,58235,PJM,NG,GAS,0.20259,73,8.219178082191782,2.8092044102725615e-06,5.61989517208495e-05,0.5049327652973257,0.00032709974455185075,5.7030135170145924e-05,0.5550879978926091
PA,"Montour, LLC",3149,Montour County,93.0,Electric Utility,14768.0,7655.3150000000005,8078.858,3949079.56986855,4792184.36,PA,"Montour, LLC",3149,PJM,RC,COAL,0.28155,1775.1,8.319531294011606,0.0015974583665641778,0.0016858404003472019,0.8240667038670754,0.000883522736838472,0.001832558334326451,0.9446109432776311
IL,Joliet 9,874,Will County,197.0,Small Power Producer,4239.0,468.01199999999994,178.22,211172.14293937501,251533.25,IL,Joliet 9,874,PJM,NG,GAS,0.0465,507.6,8.351063829787234,0.0018606367150267409,0.0007085345575584938,0.8395396749311473,0.00032709974455185075,5.7030135170145924e-05,0.5550879978926091
MD,Morgantown,1573,Charles County,17.0,Electric Utility,12930.0,2793.908,894.547,4348209.56675259,5172420.43,MD,Morgantown,1573,PJM,BIT,COAL,0.35059,1548,8.352713178294573,0.0005401548535759689,0.00017294553142115714,0.8406527709025754,0.000883522736838472,0.001832558334326451,0.9446109432776311
PA,"Dynegy Fayette II, LLC",55516,Fayette County,51.0,Electric Utility,5400.0,10.069,118.62,1809380.03435061,4704453.91,PA,"Dynegy Fayette II, LLC",55516,PJM,NG,GAS,0.81649,644.1,8.383791336748951,2.1403121791876583e-06,2.521440368410369e-05,0.3846100034064549,0.00032709974455185075,5.7030135170145924e-05,0.5550879978926091
IL,"LSP University Park, LLC",55640,Will County,197.0,Electric Utility,6090.1,2.445,83.27,449630.3994496051,839534.7699999999,IL,"LSP University Park, LLC",55640,PJM,NG,GAS,0.13339,726,8.388567493112948,2.912327264301394e-06,9.918588601160617e-05,0.5355709084563647,0.00032709974455185075,5.7030135170145924e-05,0.5550879978926091
VA,Bear Garden Generating Station,56807,Buckingham County,29.0,Electric Utility,4690.0,7.727,97.59200000000001,1388597.21525193,3728932.13,VA,Bear Garden Generating Station,56807,PJM,NG,GAS,0.73811,559,8.389982110912344,2.07217501703363e-06,2.6171567783401845e-05,0.3723846846340778,0.00032709974455185075,5.7030135170145924e-05,0.5550879978926091
OH,Miami Fort Power Station,2832,Hamilton County,61.0,Electric Utility,12235.0,10213.228000000001,5052.05,6094597.60672512,7428317.13,OH,Miami Fort Power Station,2832,PJM,BIT,COAL,0.53478,1444,8.472991689750693,0.0013749046818091356,0.000680106935606827,0.8204546871203815,0.000883522736838472,0.001832558334326451,0.9446109432776311
OH,"Dynegy Hanging Rock II, LLC",55736,Lawrence County,87.0,Electric Utility,11000.0,21.395,351.606,3844804.2224200806,10243192.06,OH,"Dynegy Hanging Rock II, LLC",55736,PJM,NG,GAS,0.86108,1288.2,8.539046731873933,2.088704368196724e-06,3.432582323366101e-05,0.3753521558415532,0.00032709974455185075,5.7030135170145924e-05,0.5550879978926091
WV,Mitchell (WV),3948,Marshall County,51.0,Electric Utility,14040.0,3604.55,3380.7290000000003,7272488.250008415,8304800.81,WV,Mitchell (WV),3948,PJM,BIT,COAL,0.53727,1632.6,8.599779492833518,0.0004340320836665558,0.00040708128675755683,0.8756968910381868,0.000883522736838472,0.001832558334326451,0.9446109432776311
OH,Avon Lake Power Plant,2836,Lorain County,93.0,Electric Utility,7565.0,9020.502,2055.6899999999996,1043493.061591875,1193149.22,OH,Avon Lake Power Plant,2836,PJM,BIT,COAL,0.14437,870,8.695402298850574,0.007560246320238135,0.0017229110705867952,0.8745704595036948,0.000883522736838472,0.001832558334326451,0.9446109432776311
NJ,"Camden Plant Holding, LLC",10751,Camden County,7.0,Cogeneration,1369.0,0.794,43.494,142617.248410785,290750.35,NJ,"Camden Plant Holding, LLC",10751,PJM,NG,GAS,0.20561,157,8.719745222929935,2.7308651563102163e-06,0.0001495922532853357,0.4905144513524575,0.00032709974455185075,5.7030135170145924e-05,0.5550879978926091
NJ,Mercer Generating Station,2408,Mercer County,21.0,Electric Utility,6700.0,3.676,26.189999999999998,52542.238318095006,58065.509999999995,NJ,Mercer Generating Station,2408,PJM,BIT,COAL,0.00028,768,8.723958333333334,6.330780527028869e-05,0.0004510422796596465,0.9048786158615504,0.000883522736838472,0.001832558334326451,0.9446109432776311
OH,Cardinal,2828,Jefferson County,81.0,Electric Utility,16525.0,9195.232,3754.8,8383660.084050464,9855056.15,OH,Cardinal,2828,PJM,BIT,COAL,0.55736,1880.4,8.788023824718145,0.0009330471445360562,0.0003810023954049212,0.8506963285085356,0.000883522736838472,0.001832558334326451,0.9446109432776311
PA,Bethlehem Power Plant,55690,Northampton County,95.0,Electric Utility,10140.0,15.289,125.237,2337447.42244689,5431170.35,PA,Bethlehem Power Plant,55690,PJM,NG,GAS,0.529,1153,8.794449262792714,2.8150470367772574e-06,2.3058934249779147e-05,0.4303763777998401,0.00032709974455185075,5.7030135170145924e-05,0.5550879978926091
PA,"Brunner Island, LLC",3140,York County,133.0,Electric Utility,14305.0,5741.1630000000005,6280.851,3246348.0208656453,3687718.87,PA,"Brunner Island, LLC",3140,PJM,RC,COAL,0.22963,1624.2,8.807412880187169,0.0015568331541498445,0.0017031805355596425,0.8803133143567544,0.000883522736838472,0.001832558334326451,0.9446109432776311
PA,Handsome Lake Energy,55233,Venango County,121.0,Electric Utility,2600.0,0.5920000000000001,102.188,93461.101692,158388.11,PA,Handsome Lake Energy,55233,PJM,NG,GAS,0.0614,294.5,8.828522920203735,3.7376542974090677e-06,0.0006451746914588476,0.5900765006413676,0.00032709974455185075,5.7030135170145924e-05,0.5550879978926091
IL,Aurora,55279,DuPage County,43.0,Electric Utility,11260.0,1.24,110.56800000000001,222842.63435091,412910.85000000003,IL,Aurora,55279,PJM,NG,GAS,0.03421,1275,8.831372549019608,3.003069548790011e-06,0.0002677769305408177,0.5396870398317457,0.00032709974455185075,5.7030135170145924e-05,0.5550879978926091
WV,John E Amos,3935,Putnam County,79.0,Electric Utility,25940.0,5265.357,6284.782000000001,13618189.856653035,15508322.41,WV,John E Amos,3935,PJM,BIT,COAL,0.55708,2932.6,8.845393166473437,0.0003395181542398692,0.00040525221451080223,0.8781214045351431,0.000883522736838472,0.001832558334326451,0.9446109432776311
IL,Will County,884,Will County,197.0,Electric Utility,11264.0,4506.346,1052.205,2205560.28291975,2259797.0,IL,Will County,884,PJM,SUB,COAL,0.19008,1268.8,8.877679697351828,0.0019941375265123368,0.0004656192569509562,0.9759992968039829,0.000883522736838472,0.001832558334326451,0.9446109432776311
WV,Kanawha River,3936,Kanawha County,39.0,Electric Utility,3900.0,0.0,0.0,0.0,0.0,WV,Kanawha River,3936,PJM,BIT,COAL,0,439.2,8.879781420765028,0.001832558334326451,0.000883522736838472,0.9446109432776311,0.000883522736838472,0.001832558334326451,0.9446109432776311
PA,"Martins Creek, LLC",3148,Northampton County,95.0,Electric Utility,18772.0,117.881,4030.8179999999998,2583284.30625639,4668056.76,PA,"Martins Creek, LLC",3148,PJM,RFO,OIL,0.23908,2108,8.905123339658443,2.5252692085946273e-05,0.0008634895005004181,0.5533960787264272,0.0009789884897527107,0.0016910602527948927,0.8388580111601802
WV,Longview Power,56671,Monongalia County,61.0,Electric Utility,7200.0,2097.9539999999997,1562.547,4660859.581642156,5867981.32,WV,Longview Power,56671,PJM,BIT,COAL,0.74691,807.5,8.91640866873065,0.0003575256780128945,0.00026628356751483317,0.7942867107903737,0.000883522736838472,0.001832558334326451,0.9446109432776311
KY,William C. Dale,1385,Clark County,49.0,Electric Utility,1929.0,0.0,0.0,0.0,0.0,KY,William C. Dale,1385,PJM,BIT,COAL,0,216,8.930555555555555,0.001832558334326451,0.000883522736838472,0.9446109432776311,0.000883522736838472,0.001832558334326451,0.9446109432776311
VA,Chesterfield Power Station,3797,Chesterfield County,41.0,Electric Utility,16307.0,2168.928,2170.86,6543449.267684506,7898932.790000001,VA,Chesterfield Power Station,3797,PJM,BIT,COAL,0.55114,1799.5,9.06196165601556,0.00027458494174628867,0.0002748295317499467,0.8283966254236865,0.000883522736838472,0.001832558334326451,0.9446109432776311
NJ,"Bayonne Plant Holding, LLC",50497,Hudson County,17.0,Cogeneration,1740.0,0.992,58.625,178202.209622175,262639.1,NJ,"Bayonne Plant Holding, LLC",50497,PJM,NG,GAS,0.22482,191.6,9.08141962421712,3.7770461443098155e-06,0.0002232150506150836,0.6785060168960944,0.00032709974455185075,5.7030135170145924e-05,0.5550879978926091
VA,Wolf Hills Energy,55285,Washington County,191.0,Electric Utility,2600.0,0.3700000000000001,55.638,60695.575299,121435.0,VA,Wolf Hills Energy,55285,PJM,NG,GAS,0.04033,285,9.12280701754386,3.046897517190267e-06,0.00045817103800387034,0.4998194531971836,0.00032709974455185075,5.7030135170145924e-05,0.5550879978926091
NJ,Gilbert Generating Station,2393,Hunterdon County,19.0,Electric Utility,5570.0,0.244,11.895,36437.165357280006,52382.91,NJ,Gilbert Generating Station,2393,PJM,NG,GAS,0.01041,608,9.161184210526315,4.658007735729076e-06,0.00022707787711679245,0.6955926151731548,0.00032709974455185075,5.7030135170145924e-05,0.5550879978926091
IL,Southeast Chicago Energy Project,55281,Cook County,31.0,Electric Utility,3736.0,0.17999999999999997,53.695999999999984,31035.343161,46140.61,IL,Southeast Chicago Energy Project,55281,PJM,NG,GAS,0.01115,407.2,9.174852652259332,3.901118775846265e-06,0.001163747076599117,0.6726253328900507,0.00032709974455185075,5.7030135170145924e-05,0.5550879978926091
OH,Gen J M Gavin,8102,Gallia County,53.0,Electric Utility,23872.0,20029.011,7328.886,13179706.13001693,15073079.31,OH,Gen J M Gavin,8102,PJM,RC,COAL,0.61271,2600,9.181538461538462,0.0013287935788085493,0.00048622354127319986,0.8743871015972867,0.000883522736838472,0.001832558334326451,0.9446109432776311
WV,Mountaineer (1301),6264,Mason County,53.0,Electric Utility,11960.0,5246.460999999999,3935.837,7448759.883768015,8501569.61,WV,Mountaineer (1301),6264,PJM,BIT,COAL,0.68576,1300,9.2,0.0006171167491034634,0.00046295415794401763,0.8761628999668939,0.000883522736838472,0.001832558334326451,0.9446109432776311
NJ,Newark Bay Cogen,50385,Essex County,13.0,Cogeneration,1280.0,0.9640000000000001,32.147,173348.619279465,378944.87,NJ,Newark Bay Cogen,50385,PJM,NG,GAS,0.30154,139,9.20863309352518,2.54390566100024e-06,8.483292041926837e-05,0.45745076131909373,0.00032709974455185075,5.7030135170145924e-05,0.5550879978926091
PA,New Castle,3138,Lawrence County,73.0,Electric Utility,3917.0,1648.4190000000003,779.6219999999998,573244.04897133,887402.59,PA,New Castle,3138,PJM,NG,GAS,0.22443,424.4,9.229500471253536,0.001857577404636604,0.0008785437509259466,0.6459796888482487,0.00032709974455185075,5.7030135170145924e-05,0.5550879978926091
KY,Riverside Generating Company,55198,Lawrence County,127.0,Electric Utility,10665.0,1.741,168.89100000000002,312605.956542855,527096.07,KY,Riverside Generating Company,55198,PJM,NG,GAS,0.05195,1150,9.273913043478261,3.3030031887735385e-06,0.00032041786993403315,0.5930720685184677,0.00032709974455185075,5.7030135170145924e-05,0.5550879978926091
NC,Rosemary Power Station,50555,Halifax County,83.0,Electric Utility,1677.0,0.21300000000000002,45.905,36467.072525175005,53195.54,NC,Rosemary Power Station,50555,PJM,NG,GAS,0.04756,180,9.316666666666666,4.0040950801514565e-06,0.0008629482847622188,0.6855287590872281,0.00032709974455185075,5.7030135170145924e-05,0.5550879978926091
OH,W H Zimmer Generating Station,6019,Clermont County,25.0,Electric Utility,13500.0,9972.51,5457.76,4767990.4344918,5918555.42,OH,W H Zimmer Generating Station,6019,PJM,BIT,COAL,0.43663,1425.6,9.46969696969697,0.0016849567660211248,0.0009221439376164531,0.8056003697084246,0.000883522736838472,0.001832558334326451,0.9446109432776311
PA,Keystone,3136,Armstrong County,5.0,Electric Utility,17920.0,22402.998999999996,13380.502999999999,9825292.981850356,11019359.89,PA,Keystone,3136,PJM,BIT,COAL,0.61896,1884,9.511677282377919,0.0020330581107828754,0.0012142722566074568,0.8916391768606039,0.000883522736838472,0.001832558334326451,0.9446109432776311
NJ,"EFS Parlin Holdings, LLC",50799,Middlesex County,23.0,Cogeneration,1312.0,0.135,13.069,24207.521399145,44925.69,NJ,"EFS Parlin Holdings, LLC",50799,PJM,NG,GAS,0.03668,135,9.718518518518518,3.00496219423675e-06,0.00029090259938133395,0.5388347157082061,0.00032709974455185075,5.7030135170145924e-05,0.5550879978926091
PA,Bruce Mansfield,6094,Beaver County,7.0,Electric Utility,26650.0,16297.556,9128.538,10766572.189538056,12751848.11,PA,Bruce Mansfield,6094,PJM,RC,COAL,0.48369,2741.1,9.722374229323995,0.0012780544325351128,0.000715860000939111,0.8443146512304291,0.000883522736838472,0.001832558334326451,0.9446109432776311
MD,Dickerson,1572,Montgomery County,31.0,Electric Utility,9111.0,429.06,981.811,821523.3678215849,987119.79,MD,Dickerson,1572,PJM,BIT,COAL,0.10666,933,9.765273311897106,0.0004346584926637931,0.0009946219394507327,0.8322428302461496,0.000883522736838472,0.001832558334326451,0.9446109432776311
PA,Grays Ferry Cogen Partnership,54785,Philadelphia County,101.0,Cogeneration,1881.0,2.785,141.267,500375.463459375,719949.2,PA,Grays Ferry Cogen Partnership,54785,PJM,NG,GAS,0.58403,192.6,9.766355140186915,3.868328487621071e-06,0.00019621801093743836,0.6950149586378803,0.00032709974455185075,5.7030135170145924e-05,0.5550879978926091
OH,West Lorain,2869,Lorain County,93.0,Electric Utility,5450.0,0.103,3.9869999999999997,4151.25497319,4086.02,OH,West Lorain,2869,PJM,DFO,OIL,0,555.6,9.809215262778977,2.520790402396464e-05,0.0009757661489664759,1.0159654072153341,0.0009789884897527107,0.0016910602527948927,0.8388580111601802
PA,Cheswick,8226,Allegheny County,3.0,Electric Utility,6250.0,2090.556,4220.6720000000005,1992055.7446657503,2151582.43,PA,Cheswick,8226,PJM,BIT,COAL,0.34956,637,9.811616954474097,0.0009716364898926972,0.001961659447088904,0.9258561126406624,0.000883522736838472,0.001832558334326451,0.9446109432776311
OH,Robert P Mone,7872,Van Wert County,161.0,Electric Utility,5838.9,1.4989999999999999,84.26700000000001,59847.175887,106813.88,OH,Robert P Mone,7872,PJM,NG,GAS,0.02028,594,9.829797979797979,1.4033756661587425e-05,0.000788914324617737,0.5602939981863779,0.00032709974455185075,5.7030135170145924e-05,0.5550879978926091
NJ,Pedricktown Cogeneration Plant,10099,Salem County,33.0,Electric Utility,1325.0,0.44299999999999995,24.363000000000003,79394.270216745,177479.21,NJ,Pedricktown Cogeneration Plant,10099,PJM,NG,GAS,0.14487,134.5,9.851301115241636,2.4960670041296666e-06,0.00013727241630160516,0.44734405915343556,0.00032709974455185075,5.7030135170145924e-05,0.5550879978926091
KY,H L Spurlock,6041,Mason County,161.0,Electric Utility,15868.4,4702.603,3398.726,8135802.99450039,9517311.49,KY,H L Spurlock,6041,PJM,BIT,COAL,0.60757,1608.5,9.865340379235311,0.0004941104433684979,0.00035710988377033777,0.854842567992948,0.000883522736838472,0.001832558334326451,0.9446109432776311
MD,Herbert A Wagner,1554,Anne Arundel County,3.0,Electric Utility,10457.0,7835.628,561.512,1178601.047156205,1324388.68,MD,Herbert A Wagner,1554,PJM,RC,COAL,0.13448,1058.5,9.879074161549362,0.005916411185272287,0.0004239782538763469,0.8899208102233288,0.000883522736838472,0.001832558334326451,0.9446109432776311
VA,Virginia City Hybrid Energy Center,56808,Wise County,195.0,Electric Utility,6600.0,107.66499999999999,1053.914,3313585.22646018,0.0,VA,Virginia City Hybrid Energy Center,56808,PJM,BIT,COAL,0.59898,668,9.880239520958083,0.001832558334326451,0.000883522736838472,0.9446109432776311,0.000883522736838472,0.001832558334326451,0.9446109432776311
IL,Kincaid Generating Station,876,Christian County,21.0,Electric Utility,13040.0,2132.5779999999995,1478.3160000000003,4545250.245821386,4734799.8100000005,IL,Kincaid Generating Station,876,PJM,SUB,COAL,0.37084,1319,9.886277482941622,0.000450405103822119,0.00031222354889804733,0.9599667204982391,0.000883522736838472,0.001832558334326451,0.9446109432776311
VA,Yorktown Power Station,3809,York County,199.0,Electric Utility,12532.0,3486.845,1052.9389999999999,436457.0463161851,520441.74,VA,Yorktown Power Station,3809,PJM,BIT,COAL,0.04364,1257,9.969769291964996,0.00669977969099865,0.0020231640144773937,0.8386280591487245,0.000883522736838472,0.001832558334326451,0.9446109432776311
DE,NRG Energy Center Dover,10030,Kent County,1.0,Electric Utility,1185.0,0.651,20.187,116051.38167008999,246670.47,DE,NRG Energy Center Dover,10030,PJM,NG,GAS,0.22767,118,10.042372881355933,2.6391484963725086e-06,8.183792733682309e-05,0.4704713201790631,0.00032709974455185075,5.7030135170145924e-05,0.5550879978926091
IL,Waukegan,883,Lake County,97.0,Electric Utility,9186.0,2733.0919999999996,1029.362,1827044.077518375,1907425.5,IL,Waukegan,883,PJM,SUB,COAL,0.22126,914.7,10.042636930141029,0.001432869593071918,0.0005396603956484802,0.9578586830879502,0.000883522736838472,0.001832558334326451,0.9446109432776311
NJ,Lakewood,54640,Ocean County,29.0,Cogeneration,2380.0,3.228,90.384,513524.91317523003,808438.47,NJ,Lakewood,54640,PJM,NG,GAS,0.56926,236.8,10.050675675675675,3.992882723653663e-06,0.00011180071626230257,0.6352059336998523,0.00032709974455185075,5.7030135170145924e-05,0.5550879978926091
VA,Gordonsville Power Station,54844,Louisa County,109.0,Electric Utility,3020.0,2.718,108.01299999999999,423729.42946066504,934177.6699999999,VA,Gordonsville Power Station,54844,PJM,NG,GAS,0.34925,300.4,10.053262316910786,2.9095107786080995e-06,0.00011562361579462716,0.45358548279222416,0.00032709974455185075,5.7030135170145924e-05,0.5550879978926091
PA,Conemaugh,3118,Indiana County,63.0,Electric Utility,18965.0,3646.59,11162.931,8775301.08278658,9964233.07,PA,Conemaugh,3118,PJM,BIT,COAL,0.5586,1884,10.066348195329088,0.0003659679550229549,0.0011203000694161803,0.8806800303785528,0.000883522736838472,0.001832558334326451,0.9446109432776311
OH,Killen Station,6031,Adams County,1.0,Electric Utility,6986.0,10127.199,6058.170999999999,3347732.984371245,3820267.76,OH,Killen Station,6031,PJM,BIT,COAL,0.55737,689.3,10.13491948353402,0.002650913400897324,0.001585797483472729,0.8763084670199256,0.000883522736838472,0.001832558334326451,0.9446109432776311
VA,Marsh Run Generation Facility,7836,Fauquier County,61.0,Electric Utility,7200.0,1.77,99.69800000000001,318275.60968824,551098.16,VA,Marsh Run Generation Facility,7836,PJM,NG,GAS,0.08812,708.8,10.15801354401806,3.2117690249591833e-06,0.0001809078803674467,0.5775297992071684,0.00032709974455185075,5.7030135170145924e-05,0.5550879978926091
IL,Joliet 29,384,Will County,197.0,Electric Utility,13424.0,2733.8039999999996,782.532,1443200.293033935,1681065.75,IL,Joliet 29,384,PJM,NG,GAS,0.13846,1320,10.16969696969697,0.0016262326443805067,0.0004654975571300528,0.8585031805174396,0.00032709974455185075,5.7030135170145924e-05,0.5550879978926091
IL,University Park Energy,55250,Will County,197.0,Electric Utility,3600.0,0.7160000000000002,102.04600000000002,126553.03324800002,211639.32,IL,University Park Energy,55250,PJM,NG,GAS,0.06701,353.4,10.186757215619695,3.3831142530603488e-06,0.00048216938137960385,0.5979656013258785,0.00032709974455185075,5.7030135170145924e-05,0.5550879978926091
WV,Big Sandy Peaker Plant,55284,Wayne County,99.0,Electric Utility,3600.0,0.42300000000000015,93.44600000000001,70409.98443450002,138443.0,WV,Big Sandy Peaker Plant,55284,PJM,NG,GAS,0.03695,353.4,10.186757215619695,3.0554090853275364e-06,0.0006749781498522859,0.5085846480826045,0.00032709974455185075,5.7030135170145924e-05,0.5550879978926091
VA,Buchanan Units 1 & 2,55738,Buchanan County,27.0,Electric Utility,898.0,0.687,89.35300000000001,123442.85470896,233148.36,VA,Buchanan Units 1 & 2,55738,PJM,NG,GAS,0.30327,88,10.204545454545455,2.946621627533645e-06,0.0003832452435007478,0.5294605319503857,0.00032709974455185075,5.7030135170145924e-05,0.5550879978926091
KY,East Bend,6018,Boone County,15.0,Electric Utility,7886.0,2680.711,3511.736,3866182.14217854,4003949.48,KY,East Bend,6018,PJM,BIT,COAL,0.54228,772,10.215025906735752,0.0006695166893064794,0.0008770680093595985,0.965592138834514,0.000883522736838472,0.001832558334326451,0.9446109432776311
OH,AMP-Ohio Gas Turbines Galion,55263,Crawford County,33.0,Electric Utility,507.0,0.009000000000000001,2.333,1665.6823785,2262.31,OH,AMP-Ohio Gas Turbines Galion,55263,PJM,NG,GAS,0.00784,49.5,10.242424242424242,3.9782346362788485e-06,0.001031246822937617,0.7362750367986703,0.00032709974455185075,5.7030135170145924e-05,0.5550879978926091
OH,AMP-Ohio Gas Turbines Bowling Green,55262,Wood County,173.0,Electric Utility,507.0,0.004,0.105,748.3369064999999,1356.87,OH,AMP-Ohio Gas Turbines Bowling Green,55262,PJM,NG,GAS,0.00605,49.5,10.242424242424242,2.947961116392875e-06,7.738397930531296e-05,0.5515170255809326,0.00032709974455185075,5.7030135170145924e-05,0.5550879978926091
OH,AMP-Ohio Gas Turbines Napoleon,55264,Henry County,69.0,Electric Utility,507.0,0.01,2.557,1825.7098125,2151.32,OH,AMP-Ohio Gas Turbines Napoleon,55264,PJM,NG,GAS,0.0071,49.5,10.242424242424242,4.648308945205734e-06,0.0011885725972891061,0.8486463252793633,0.00032709974455185075,5.7030135170145924e-05,0.5550879978926091
IL,Rockford II Energy Center,55936,Winnebago County,201.0,Electric Utility,1721.9,0.36200000000000004,30.638,65093.64174484501,121731.51,IL,Rockford II Energy Center,55936,PJM,NG,GAS,0.08032,168,10.249404761904762,2.973757575175072e-06,0.0002516850402989333,0.5347312437416164,0.00032709974455185075,5.7030135170145924e-05,0.5550879978926091
IN,Rockport,6166,Spencer County,147.0,Electric Utility,26800.0,24341.095,12888.082000000002,11291690.06790909,12330471.01,IN,Rockport,6166,PJM,SUB,COAL,0.50746,2600,10.307692307692308,0.0019740604377772265,0.0010452221970716107,0.9157549665987245,0.000883522736838472,0.001832558334326451,0.9446109432776311
MD,Rock Springs Generating Facility,7835,Cecil County,15.0,Electric Utility,8000.0,2.734,140.731,491274.305940765,875212.12,MD,Rock Springs Generating Facility,7835,PJM,NG,GAS,0.12914,773.6,10.341261633919338,3.1238141446213064e-06,0.00016079644783712548,0.5613202727822885,0.00032709974455185075,5.7030135170145924e-05,0.5550879978926091
PA,Homer City,3122,Indiana County,63.0,Electric Utility,20844.0,20482.247,11287.923999999999,6498378.304748176,7266901.280000001,PA,Homer City,3122,PJM,BIT,COAL,0.37606,2012,10.359840954274354,0.0028185668431152814,0.0015533338853889037,0.8942433720178699,0.000883522736838472,0.001832558334326451,0.9446109432776311
VA,Bremo Power Station,3796,Fluvanna County,65.0,Electric Utility,2645.0,1.301,285.108,233792.85715984498,426758.47,VA,Bremo Power Station,3796,PJM,NG,GAS,0.18011,254.2,10.405192761605036,3.0485628088412635e-06,0.000668078128595784,0.5478341347503777,0.00032709974455185075,5.7030135170145924e-05,0.5550879978926091
DE,Warren F. Sam Beasley Pwr Station,7962,Kent County,1.0,Electric Utility,1000.0,0.273,7.7,43950.3735513,83537.76000000001,DE,Warren F. Sam Beasley Pwr Station,7962,PJM,NG,GAS,0.0867,96,10.416666666666666,3.2679832449421675e-06,9.217388639580471e-05,0.5261138621780138,0.00032709974455185075,5.7030135170145924e-05,0.5550879978926091
OH,W H Sammis,2866,Jefferson County,81.0,Electric Utility,25847.0,5713.148999999999,4993.576,7767503.766023925,9021101.86,OH,W H Sammis,2866,PJM,BIT,COAL,0.37522,2468.1,10.47242818362303,0.0006333094436426195,0.000553543910433132,0.8610371423102328,0.000883522736838472,0.001832558334326451,0.9446109432776311
MD,Gould Street,1553,Baltimore city,510.0,Electric Utility,1085.0,0.07200000000000001,20.627,12913.287687914999,20240.98,MD,Gould Street,1553,PJM,NG,GAS,0.0208,103.5,10.483091787439614,3.5571400199002226e-06,0.001019071210978915,0.6379773947662118,0.00032709974455185075,5.7030135170145924e-05,0.5550879978926091
PA,Shawville,3131,Clearfield County,33.0,Electric Utility,6670.0,6.983,101.164,130713.83815768501,220893.04,PA,Shawville,3131,PJM,NG,GAS,0.0326,632,10.55379746835443,3.1612584986833444e-05,0.0004579773088368923,0.591751728156238,0.00032709974455185075,5.7030135170145924e-05,0.5550879978926091
OH,J M Stuart,2850,Adams County,1.0,Electric Utility,26193.1,9004.248,5465.369000000001,10772260.147862371,12426803.54,OH,J M Stuart,2850,PJM,BIT,COAL,0.52386,2451.6,10.684083863599282,0.0007245827916259148,0.00043980489290007725,0.866856880225723,0.000883522736838472,0.001832558334326451,0.9446109432776311
NJ,Sherman Avenue,7288,Cumberland County,11.0,Electric Utility,1210.0,0.2,22.2,33997.426470345,48411.23,NJ,Sherman Avenue,7288,PJM,DFO,OIL,0.04941,112.8,10.72695035460993,4.131272847229868e-06,0.0004585712860425153,0.7022632242631514,0.0009789884897527107,0.0016910602527948927,0.8388580111601802
IL,Elwood Energy Facility,55199,Will County,197.0,Electric Utility,18655.0,2.041,225.70499999999998,710000.9294557351,1204860.0,IL,Elwood Energy Facility,55199,PJM,NG,GAS,0.07902,1728,10.795717592592593,1.6939727437212622e-06,0.00018732881828594191,0.5892808537554032,0.00032709974455185075,5.7030135170145924e-05,0.5550879978926091
DE,Edge Moor,593,New Castle County,3.0,Electric Utility,7679.0,30.108,314.41499999999996,522961.439751825,931151.6100000001,DE,Edge Moor,593,PJM,RFO,OIL,0.13905,710.3,10.810924961283964,3.23341544778084e-05,0.0003376625209293253,0.5616286694191776,0.0009789884897527107,0.0016910602527948927,0.8388580111601802
IL,Rockford Energy Center,55238,Winnebago County,201.0,Electric Utility,3420.8,0.5309999999999999,44.278000000000006,95550.496618155,168007.84,IL,Rockford Energy Center,55238,PJM,NG,GAS,0.05958,316,10.825316455696203,3.1605667925972972e-06,0.0002635472249390267,0.5687264154943901,0.00032709974455185075,5.7030135170145924e-05,0.5550879978926091
IL,"Elgin Energy Center, LLC",55438,Cook County,31.0,Electric Utility,5888.0,0.802,80.022,144003.113204775,234779.22,IL,"Elgin Energy Center, LLC",55438,PJM,NG,GAS,0.04889,540,10.903703703703703,3.415975229835077e-06,0.00034083936389259667,0.6133554460432018,0.00032709974455185075,5.7030135170145924e-05,0.5550879978926091
WV,Fort Martin Power Station,3943,Monongalia County,61.0,Electric Utility,12654.0,2477.87,9788.579,6021043.147622655,7378365.01,WV,Fort Martin Power Station,3943,PJM,BIT,COAL,0.67444,1152,10.984375,0.0003358291432643558,0.0013266596307899383,0.8160402934067713,0.000883522736838472,0.001832558334326451,0.9446109432776311
OH,Greenville Electric Gen Station,55228,Darke County,37.0,Electric Utility,2600.0,0.295,37.646,47792.138733,85888.40000000001,OH,Greenville Electric Gen Station,55228,PJM,NG,GAS,0.04168,236,11.016949152542374,3.434689667056319e-06,0.0004383129735796685,0.5564446273652786,0.00032709974455185075,5.7030135170145924e-05,0.5550879978926091
KY,John S. Cooper,1384,Pulaski County,199.0,Electric Utility,3799.0,320.421,559.84,654580.722021495,715100.27,KY,John S. Cooper,1384,PJM,BIT,COAL,0.21393,344,11.043604651162791,0.0004480784212261589,0.000782883217202533,0.9153691439964007,0.000883522736838472,0.001832558334326451,0.9446109432776311
VA,Altavista Power Station,10773,Campbell County,31.0,Electric Utility,788.0,11.523,232.51,400848.237025515,0.0,VA,Altavista Power Station,10773,PJM,WDS,BIOMASS,0.45385,71.1,11.082981715893109,2.8348638645218557e-06,0.0003656974385233194,0.516054744771005,0.0003656974385233194,2.8348638645218557e-06,0.516054744771005
OH,Richland Peaking Station,2880,Defiance County,39.0,Electric Utility,4995.0,0.546,74.42999999999999,98097.59359236002,142700.88999999998,OH,Richland Peaking Station,2880,PJM,NG,GAS,0.03656,450,11.1,3.826184966330624e-06,0.0005215804890915537,0.687435050982233,0.00032709974455185075,5.7030135170145924e-05,0.5550879978926091
WV,Harrison Power Station,3944,Harrison County,33.0,Electric Utility,22783.0,8541.504,11981.553,12121652.350013655,13939553.35,WV,Harrison Power Station,3944,PJM,BIT,COAL,0.7171,2052,11.102826510721247,0.0006127530621345196,0.0008595363638390895,0.8695868544463553,0.000883522736838472,0.001832558334326451,0.9446109432776311
MD,Chalk Point,1571,Prince George's County,33.0,Electric Utility,29585.0,929.314,2298.782,2293531.012994805,3110607.4299999997,MD,Chalk Point,1571,PJM,NG,GAS,0.12028,2647,11.176803928976199,0.000298756439349211,0.0007390138587819165,0.737325768232607,0.00032709974455185075,5.7030135170145924e-05,0.5550879978926091
PA,Allegheny Energy Units 1 & 2,55196,Allegheny County,3.0,Electric Utility,980.0,0.268,33.058,48166.444171185,90095.81,PA,Allegheny Energy Units 1 & 2,55196,PJM,NG,GAS,0.11387,87.6,11.187214611872147,2.974611138964176e-06,0.00036692050385029007,0.5346135871488918,0.00032709974455185075,5.7030135170145924e-05,0.5550879978926091
WV,Mount Storm Power Station,3954,Grant County,23.0,Electric Utility,18805.0,3426.018,3468.885,8775983.439220846,9678277.629999999,WV,Mount Storm Power Station,3954,PJM,BIT,COAL,0.61301,1680.9,11.187459099292045,0.0003539904651402318,0.0003584196623216729,0.9067712019355294,0.000883522736838472,0.001832558334326451,0.9446109432776311
PA,"Armstrong Power, LLC",55347,Armstrong County,5.0,Electric Utility,7704.0,3.6129999999999995,181.243,648475.83598614,1180548.17,PA,"Armstrong Power, LLC",55347,PJM,NG,GAS,0.19445,688,11.19767441860465,3.0604426755411425e-06,0.00015352444280185534,0.5493006151423199,0.00032709974455185075,5.7030135170145924e-05,0.5550879978926091
VA,Southampton Power Station,10774,Southampton County,175.0,Electric Utility,800.0,14.020999999999999,257.19100000000003,440332.165061595,0.0,VA,Southampton Power Station,10774,PJM,WDS,BIOMASS,0.47538,71.1,11.251758087201127,2.8348638645218557e-06,0.0003656974385233194,0.516054744771005,0.0003656974385233194,2.8348638645218557e-06,0.516054744771005
IL,"Rocky Road Power, LLC",55109,Kane County,89.0,Electric Utility,4684.0,0.272,43.699,49048.480188615,76782.0,IL,"Rocky Road Power, LLC",55109,PJM,NG,GAS,0.02064,415.5,11.273164861612514,3.5424969393868357e-06,0.0005691307858612696,0.6388018049622959,0.00032709974455185075,5.7030135170145924e-05,0.5550879978926091
PA,Hunlock Unit 4,56397,Luzerne County,79.0,Electric Utility,500.0,0.013999999999999999,1.871,2437.4128645950004,4548.63,PA,Hunlock Unit 4,56397,PJM,NG,GAS,0.0087,44,11.363636363636363,3.0778498141198556e-06,0.00041133264301558927,0.5358564808733619,0.00032709974455185075,5.7030135170145924e-05,0.5550879978926091
PA,Northampton Generating Plant,50888,Northampton County,95.0,Cogeneration,1530.0,173.59599999999998,142.078,343885.11565164,312794.83,PA,Northampton Generating Plant,50888,PJM,WC,COAL,0.23403,134.1,11.409395973154362,0.0005549835973951359,0.00045422106241333973,1.0993951391448509,0.000883522736838472,0.001832558334326451,0.9446109432776311
PA,Allegheny Energy Units 8 & 9,55377,Fayette County,51.0,Electric Utility,1001.0,0.16000000000000003,19.982,28784.071957815,52101.31,PA,Allegheny Energy Units 8 & 9,55377,PJM,NG,GAS,0.06141,87.6,11.426940639269407,3.0709400588967923e-06,0.00038352202660547305,0.5524634977088868,0.00032709974455185075,5.7030135170145924e-05,0.5550879978926091
OH,Rolling Hills Generating LLC,55401,Vinton County,163.0,Electric Utility,11250.0,1.3869999999999998,104.51400000000001,249263.27165932502,414013.87,OH,Rolling Hills Generating LLC,55401,PJM,NG,GAS,0.04796,977.5,11.508951406649617,3.350129308469786e-06,0.00025244081798515594,0.6020650266120916,0.00032709974455185075,5.7030135170145924e-05,0.5550879978926091
VA,Hopewell Power Station,10771,Hopewell city,670.0,Electric Utility,820.0,14.275,222.404,444721.02902280004,0.0,VA,Hopewell Power Station,10771,PJM,WDS,BIOMASS,0.4914,71.1,11.533052039381154,2.8348638645218557e-06,0.0003656974385233194,0.516054744771005,0.0003656974385233194,2.8348638645218557e-06,0.516054744771005
WV,"Pleasants Energy, LLC",55349,Pleasants County,73.0,Electric Utility,3978.0,1.557,83.523,278944.39717506,495564.45999999996,WV,"Pleasants Energy, LLC",55349,PJM,NG,GAS,0.1613,344,11.563953488372093,3.141871796052526e-06,0.0001685411419535614,0.5628821670849036,0.00032709974455185075,5.7030135170145924e-05,0.5550879978926091
OH,"Troy Energy, LLC",55348,Wood County,173.0,Electric Utility,7956.0,0.7750000000000001,37.509,110650.82227532999,192974.84,OH,"Troy Energy, LLC",55348,PJM,NG,GAS,0.03149,688,11.563953488372093,4.016067586841892e-06,0.00019437248918045483,0.5733950719965877,0.00032709974455185075,5.7030135170145924e-05,0.5550879978926091
IL,Lincoln Generating Facility,55222,Will County,197.0,Electric Utility,8008.0,0.25899999999999995,14.278,46644.223121400006,64614.829999999994,IL,Lincoln Generating Facility,55222,PJM,NG,GAS,0.01044,692,11.572254335260116,4.008367738489755e-06,0.00022097094428631943,0.7218810777866321,0.00032709974455185075,5.7030135170145924e-05,0.5550879978926091
PA,Chambersburg Units 12 & 13,55654,Franklin County,55.0,Electric Utility,1020.0,0.5820000000000001,77.828,104398.79899764,195383.87,PA,Chambersburg Units 12 & 13,55654,PJM,NG,GAS,0.24755,87.6,11.643835616438357,2.9787515213000953e-06,0.00039833380309234334,0.5343266002338883,0.00032709974455185075,5.7030135170145924e-05,0.5550879978926091
MD,Brandon Shores,602,Anne Arundel County,3.0,Electric Utility,16000.0,2718.621,2003.502,5050543.402222755,5307677.300000001,MD,Brandon Shores,602,PJM,RC,COAL,0.39502,1370,11.678832116788321,0.0005122054048010793,0.00037747245862140106,0.9515543460456337,0.000883522736838472,0.001832558334326451,0.9446109432776311
PA,Gilberton Power Company,10113,Schuylkill County,107.0,Cogeneration,1040.0,728.316,274.896,962143.95829284,0.0,PA,Gilberton Power Company,10113,PJM,WC,COAL,0.8152,88.4,11.76470588235294,0.001832558334326451,0.000883522736838472,0.9446109432776311,0.000883522736838472,0.001832558334326451,0.9446109432776311
IL,"Lee County Generating Station, LLC",55236,Lee County,103.0,Electric Utility,9600.0,0.21699999999999997,11.262,38956.30379697,55615.26,IL,"Lee County Generating Station, LLC",55236,PJM,NG,GAS,0.0077,814.4,11.787819253438114,3.901806806261446e-06,0.00020249837904201114,0.7004606972433465,0.00032709974455185075,5.7030135170145924e-05,0.5550879978926091
OH,Darby Electric Generating Station,55247,Pickaway County,129.0,Electric Utility,6690.0,1.714,87.226,45373.94639700001,69276.05,OH,Darby Electric Generating Station,55247,PJM,NG,GAS,0.01378,564,11.861702127659575,2.4741595399853195e-05,0.0012591075848002304,0.6549730591885652,0.00032709974455185075,5.7030135170145924e-05,0.5550879978926091
IL,Powerton,879,Tazewell County,179.0,Electric Utility,21196.0,8208.639,2956.129,5253374.85361347,4973692.5,IL,Powerton,879,PJM,SUB,COAL,0.29084,1785.6,11.870519713261649,0.0016504114397904574,0.000594352988247665,1.056232337164686,0.000883522736838472,0.001832558334326451,0.9446109432776311
VA,Ladysmith Combustion Turbine Sta,7839,Caroline County,33.0,Electric Utility,10645.0,4.282,136.567,417398.533704705,772332.6000000001,VA,Ladysmith Combustion Turbine Sta,7839,PJM,NG,GAS,0.09847,892.5,11.92717086834734,5.5442435033818324e-06,0.00017682407812385492,0.5404388390503068,0.00032709974455185075,5.7030135170145924e-05,0.5550879978926091
VA,Remington Combustion Turbine Station,7838,Fauquier County,61.0,Electric Utility,8440.0,3.2929999999999997,122.27400000000002,368800.01364735,667996.44,VA,Remington Combustion Turbine Station,7838,PJM,NG,GAS,0.10794,705.5,11.963146704464918,4.929666990440847e-06,0.00018304588569364235,0.5520987711361905,0.00032709974455185075,5.7030135170145924e-05,0.5550879978926091
VA,Elizabeth River Combustion Turbine Sta,52087,Chesapeake city,550.0,Electric Utility,4659.0,9.135,121.38099999999999,100312.6164045,148507.02,VA,Elizabeth River Combustion Turbine Sta,52087,PJM,NG,GAS,0.04374,388.8,11.983024691358024,6.151224366363288e-05,0.0008173418334028923,0.6754739028801467,0.00032709974455185075,5.7030135170145924e-05,0.5550879978926091
MD,C P Crane,1552,Baltimore County,5.0,Electric Utility,5000.0,1048.6689999999999,654.233,363582.13591041,394627.67000000004,MD,C P Crane,1552,PJM,SUB,COAL,0.09814,415.8,12.025012025012025,0.002657363078468369,0.0016578487767976327,0.921329555807402,0.000883522736838472,0.001832558334326451,0.9446109432776311
DE,Van Sant,7318,Kent County,1.0,Electric Utility,546.7,0.04,1.4040000000000001,902.3143237350001,1176.99,DE,Van Sant,7318,PJM,DFO,OIL,0.00298,45.1,12.121951219512196,3.3984995624431815e-05,0.0011928733464175569,0.7666287085999033,0.0009789884897527107,0.0016910602527948927,0.8388580111601802
VA,Clover Power Station,7213,Halifax County,83.0,Electric Utility,10300.0,1580.005,8307.288,5449437.859407765,5863265.0,VA,Clover Power Station,7213,PJM,BIT,COAL,0.73298,848,12.14622641509434,0.000269475283822239,0.0014168365236775075,0.9294203586922585,0.000883522736838472,0.001832558334326451,0.9446109432776311
IN,Whitewater Valley,1040,Wayne County,177.0,Electric Utility,1154.0,1726.641,124.42499999999998,82381.04710179,75455.5,IN,Whitewater Valley,1040,PJM,BIT,COAL,0.07761,93.9,12.289669861554845,0.02288290449337689,0.0016489851634407032,1.0917831980676027,0.000883522736838472,0.001832558334326451,0.9446109432776311
WV,Pleasants Power Station,6004,Pleasants County,73.0,Electric Utility,16855.0,9609.830000000002,7404.393,6276934.621334881,7609692.12,WV,Pleasants Power Station,6004,PJM,RC,COAL,0.5752,1368,12.320906432748538,0.001262840841450495,0.0009730213631822991,0.8248605229162518,0.000883522736838472,0.001832558334326451,0.9446109432776311
OH,Tait Electric Generating Station,55248,Montgomery County,113.0,Electric Utility,4640.0,34.783,168.78799999999998,283803.3018075,417916.89,OH,Tait Electric Generating Station,55248,PJM,NG,GAS,0.12482,376,12.340425531914894,8.322946698804156e-05,0.0004038793454842181,0.6790902894771733,0.00032709974455185075,5.7030135170145924e-05,0.5550879978926091
IL,Crete Energy Park,55253,Will County,197.0,Electric Utility,4400.0,0.371,16.259,66557.511748245,94346.87,IL,Crete Energy Park,55253,PJM,NG,GAS,0.03006,356,12.359550561797754,3.932297913009727e-06,0.0001723321610987201,0.705455430034351,0.00032709974455185075,5.7030135170145924e-05,0.5550879978926091
PA,Northeastern Power Company,50039,Schuylkill County,107.0,Electric Utility,750.0,194.76,69.465,235770.42520542,165817.75,PA,Northeastern Power Company,50039,PJM,WC,COAL,0.24509,59,12.711864406779661,0.0011745425323887219,0.0004189237883157865,1.4218648196916193,0.000883522736838472,0.001832558334326451,0.9446109432776311
WV,Ceredo Generating Station,55276,Wayne County,99.0,Electric Utility,6684.0,0.406,20.807000000000002,71034.581307,108434.1,WV,Ceredo Generating Station,55276,PJM,NG,GAS,0.02433,519,12.878612716763005,3.7442096167165126e-06,0.0001918861317611342,0.6550944887908877,0.00032709974455185075,5.7030135170145924e-05,0.5550879978926091
NJ,Eagle Point Power Generation,50561,Gloucester County,15.0,Electric Utility,3251.0,1.944,81.271,349411.705722525,732025.12,NJ,Eagle Point Power Generation,50561,PJM,NG,GAS,0.33978,251.8,12.911040508339951,2.655646571254276e-06,0.00011102214634383039,0.4773220155648826,0.00032709974455185075,5.7030135170145924e-05,0.5550879978926091
PA,St. Nicholas Cogeneration Project,54634,Schuylkill County,107.0,Small Power Producer,1300.0,1230.0919999999999,212.71099999999998,1158965.407034535,0.0,PA,St. Nicholas Cogeneration Project,54634,PJM,WC,COAL,0.75601,99.2,13.104838709677418,0.001832558334326451,0.000883522736838472,0.9446109432776311,0.000883522736838472,0.001832558334326451,0.9446109432776311
IN,Anderson,7336,Madison County,95.0,Electric Utility,2223.8,0.052000000000000005,5.106999999999999,8836.344774000001,12594.75,IN,Anderson,7336,PJM,NG,GAS,0.00835,168.7,13.181979845880262,4.128704420492666e-06,0.00040548641298953925,0.7015895332579052,0.00032709974455185075,5.7030135170145924e-05,0.5550879978926091
PA,Mt. Carmel Cogeneration,10343,Northumberland County,97.0,Cogeneration,624.0,470.29400000000004,182.933,517125.433371435,307452.45,PA,Mt. Carmel Cogeneration,10343,PJM,WC,COAL,0.74236,47.3,13.192389006342495,0.0015296479179138108,0.000594996071750282,1.6819688162232402,0.000883522736838472,0.001832558334326451,0.9446109432776311
OH,Omega JV2 Hamilton,7782,Butler County,17.0,Electric Utility,423.0,0.011000000000000001,3.233,2098.5910605000004,3333.49,OH,Omega JV2 Hamilton,7782,PJM,NG,GAS,0.01079,32,13.21875,3.299844907289358e-06,0.0009698544168424085,0.629547729406718,0.00032709974455185075,5.7030135170145924e-05,0.5550879978926091
OH,Omega JV2 Bowling Green,7783,Wood County,173.0,Electric Utility,423.0,0.008,2.249,1458.934917,2737.74,OH,Omega JV2 Bowling Green,7783,PJM,NG,GAS,0.00971,32,13.21875,2.9221182435147243e-06,0.0008214804912080768,0.5328975421332924,0.00032709974455185075,5.7030135170145924e-05,0.5550879978926091
MD,Vienna,1564,Dorchester County,19.0,Electric Utility,2400.0,57.974,11.217,7461.54945138,4394.14,MD,Vienna,1564,PJM,RFO,OIL,0.00047,180.6,13.289036544850498,0.013193480407997922,0.0025527179379810382,1.698068211613649,0.0009789884897527107,0.0016910602527948927,0.8388580111601802
OH,Madison Generating Station,55110,Butler County,17.0,Electric Utility,9352.0,1.812,101.99900000000001,325399.513047285,468584.56,OH,Madison Generating Station,55110,PJM,NG,GAS,0.07364,692,13.514450867052023,3.866964801401053e-06,0.0002176746924823985,0.6944307192863653,0.00032709974455185075,5.7030135170145924e-05,0.5550879978926091
IN,Richmond (IN),7335,Wayne County,177.0,Electric Utility,1120.0,0.025,2.669,2564.317159875,3657.25,IN,Richmond (IN),7335,PJM,NG,GAS,0.00416,82.8,13.526570048309178,6.835737234260716e-06,0.0007297833071296739,0.701159931608449,0.00032709974455185075,5.7030135170145924e-05,0.5550879978926091
IL,"Calumet Energy Team, LLC",55296,Cook County,31.0,Electric Utility,4300.0,0.063,8.155000000000001,11091.636621105,20642.18,IL,"Calumet Energy Team, LLC",55296,PJM,NG,GAS,0.00736,312.8,13.746803069053708,3.0520032283411925e-06,0.00039506486233527663,0.5373287424634898,0.00032709974455185075,5.7030135170145924e-05,0.5550879978926091
PA,Cambria Cogen,10641,Cambria County,21.0,Cogeneration,1360.0,2537.5919999999996,1121.6680000000001,931005.53351466,0.0,PA,Cambria Cogen,10641,PJM,WC,COAL,0.79771,98,13.877551020408163,0.001832558334326451,0.000883522736838472,0.9446109432776311,0.000883522736838472,0.001832558334326451,0.9446109432776311
WV,Willow Island Power Station,3946,Pleasants County,73.0,Electric Utility,3061.0,,,,,WV,Willow Island Power Station,3946,PJM,BIT,COAL,,213.2,14.357410881801126,0.001832558334326451,0.000883522736838472,0.9446109432776311,0.000883522736838472,0.001832558334326451,0.9446109432776311
VA,Mecklenburg Power Station,52007,Mecklenburg County,117.0,Electric Utility,2028.0,198.913,593.652,381288.37860282004,344244.19999999995,VA,Mecklenburg Power Station,52007,PJM,BIT,COAL,0.24474,139.8,14.506437768240342,0.0005778252763590499,0.0017245083577297747,1.1076101749944374,0.000883522736838472,0.001832558334326451,0.9446109432776311
OH,Frank M Tait Station,2847,Montgomery County,113.0,Electric Utility,4500.0,9.457,108.59,120537.852387,172665.4,OH,Frank M Tait Station,2847,PJM,NG,GAS,0.06514,304.6,14.773473407747865,5.4770672062845254e-05,0.0006289042274827499,0.6981007913976975,0.00032709974455185075,5.7030135170145924e-05,0.5550879978926091
VA,Louisa Generation Facility,7837,Louisa County,109.0,Electric Utility,7600.0,2.986,70.945,228119.95629216,372196.36,VA,Louisa Generation Facility,7837,PJM,NG,GAS,0.08085,509.1,14.928304851699076,8.02264697053996e-06,0.0001906117512809636,0.6129021688770949,0.00032709974455185075,5.7030135170145924e-05,0.5550879978926091
PA,Ebensburg Power Company,10603,Cambria County,21.0,Cogeneration,930.0,895.431,161.921,329221.93795197003,230297.34,PA,Ebensburg Power Company,10603,PJM,WC,COAL,0.38666,57.6,16.145833333333332,0.0038881517259383024,0.0007030953983228811,1.4295516307395042,0.000883522736838472,0.001832558334326451,0.9446109432776311
PA,Wheelabrator - Frackville,50879,Schuylkill County,107.0,Cogeneration,776.0,448.851,299.267,494417.93783386506,0.0,PA,Wheelabrator - Frackville,50879,PJM,WC,COAL,0.79115,48,16.166666666666668,0.001832558334326451,0.000883522736838472,0.9446109432776311,0.000883522736838472,0.001832558334326451,0.9446109432776311
PA,Scrubgrass Generating Plant,50974,Venango County,121.0,Small Power Producer,1575.0,1116.681,547.173,709988.804021025,0.0,PA,Scrubgrass Generating Plant,50974,PJM,WC,COAL,0.50271,94.7,16.631467793030623,0.001832558334326451,0.000883522736838472,0.9446109432776311,0.000883522736838472,0.001832558334326451,0.9446109432776311
PA,"WPS Westwood Generation, LLC",50611,Schuylkill County,107.0,Electric Utility,615.0,87.95700000000001,54.098,100369.942331835,61364.34,PA,"WPS Westwood Generation, LLC",50611,PJM,WC,COAL,0.17083,36,17.083333333333332,0.0014333568975075754,0.000881586928173594,1.6356395641480868,0.000883522736838472,0.001832558334326451,0.9446109432776311
OH,Woodsdale,7158,Butler County,17.0,Electric Utility,9770.0,0.22000000000000003,39.672,39565.083898995,42560.170000000006,OH,Woodsdale,7158,PJM,NG,GAS,0.00632,571.8,17.0863938440014,5.169152284871043e-06,0.0009321391338427453,0.9296270174436567,0.00032709974455185075,5.7030135170145924e-05,0.5550879978926091
WV,Rivesville Power Station,3945,Marion County,49.0,Electric Utility,2140.0,,,,,WV,Rivesville Power Station,3945,PJM,BIT,COAL,,109.7,19.5077484047402,0.001832558334326451,0.000883522736838472,0.9446109432776311,0.000883522736838472,0.001832558334326451,0.9446109432776311
WV,Albright Power Station,3942,Preston County,77.0,Electric Utility,6055.2,,,,,WV,Albright Power Station,3942,PJM,BIT,COAL,,278.2,21.765636232925953,0.001832558334326451,0.000883522736838472,0.9446109432776311,0.000883522736838472,0.001832558334326451,0.9446109432776311
NC,"Edgecombe Genco, LLC",10384,Edgecombe County,65.0,Cogeneration,3000.0,39.09700000000001,492.97400000000005,181483.01151601502,0.0,NC,"Edgecombe Genco, LLC",10384,PJM,BIT,COAL,0.01294,114.8,26.13240418118467,0.001832558334326451,0.000883522736838472,0.9446109432776311,0.000883522736838472,0.001832558334326451,0.9446109432776311
DE,Delaware City Refinery,52193,New Castle County,,,,9.846,83.984,164852.1341292,0.0,DE,Delaware City Refinery,52193,PJM,PRG,OTHF,0.44671,325.2,,,,,,,
